Player,Team,Age,Position,G,GS,Completions,Attempts,Cmp%,Yards,TD,TD%,Int,Int%,First_Downs,Longest_completion,Y/A,AY/A,Y/C,Y/G,Rate,Sacks,Sack_Yards_Lost,NY/A,ANY/A,Sk%,4th_Q_comebacks,Game_winning_drives
Jared Goff,LAR,25,QB,16,16,394,626,62.9,4638,22,3.5,16,2.6,220,66,7.4,7,11.8,289.9,86.5,22,170,6.9,6.46,3.4,1,2
Jameis Winston,TAM,25,QB,16,16,380,626,60.7,5109,33,5.3,30,4.8,243,71,8.2,7.1,13.4,319.3,84.3,47,282,7.17,6.15,7,2,2
Matt Ryan,ATL,34,QB,15,15,408,616,66.2,4466,26,4.2,14,2.3,228,93,7.3,7.1,10.9,297.7,92.1,48,316,6.25,6.08,7.2,3,2
Tom Brady,NWE,42,QB,16,16,373,613,60.8,4057,24,3.9,8,1.3,193,59,6.6,6.8,10.9,253.6,88,27,185,6.05,6.24,4.2,1,1
Carson Wentz,PHI,27,QB,16,16,388,607,63.9,4039,27,4.4,7,1.2,213,53,6.7,7,10.4,252.4,93.1,37,230,5.91,6.26,5.7,2,4
Dak Prescott,DAL,26,QB,16,16,388,596,65.1,4902,30,5,11,1.8,229,62,8.2,8.4,12.6,306.4,99.7,23,151,7.68,7.84,3.7,0,0
Philip Rivers,LAC,38,QB,16,16,390,591,66,4615,23,3.9,20,3.4,217,84,7.8,7.1,11.8,288.4,88.5,34,222,7.03,6.32,5.4,1,2
Aaron Rodgers,GNB,36,QB,16,16,353,569,62,4002,26,4.6,4,0.7,189,74,7,7.6,11.3,250.1,95.4,36,284,6.15,6.71,6,2,3
Kyler Murray,ARI,22,QB,16,16,349,542,64.4,3722,20,3.7,12,2.2,173,88,6.9,6.6,10.7,232.6,87.4,48,309,5.78,5.55,8.1,1,2
Baker Mayfield,CLE,24,QB,16,16,317,534,59.4,3827,22,4.1,21,3.9,179,89,7.2,6.2,12.1,239.2,78.8,40,285,6.17,5.29,7,1,1
Andy Dalton,CIN,32,QB,13,13,314,528,59.5,3494,16,3,14,2.7,170,66,6.6,6,11.1,268.8,78.3,37,249,5.74,5.19,6.5,0,0
Mitchell Trubisky,CHI,25,QB,15,15,326,516,63.2,3138,17,3.3,10,1.9,156,53,6.1,5.9,9.6,209.2,83,38,234,5.24,5.04,6.9,3,3
Russell Wilson,SEA,31,QB,16,16,341,516,66.1,4110,31,6,5,1,190,60,8,8.7,12.1,256.9,106.3,48,319,6.72,7.42,8.5,4,5
Derek Carr,OAK,28,QB,16,16,361,513,70.4,4054,21,4.1,8,1.6,191,75,7.9,8,11.2,253.4,100.8,29,184,7.14,7.25,5.4,2,3
Ryan Fitzpatrick,MIA,37,QB,15,13,311,502,62,3529,20,4,13,2.6,182,51,7,6.7,11.3,235.3,85.5,40,209,6.13,5.78,7.4,3,4
Deshaun Watson ,HOU,24,QB,15,15,333,495,67.3,3852,26,5.3,12,2.4,191,54,7.8,7.7,11.6,256.8,98,44,257,6.67,6.63,8.2,3,5
Kyle Allen,CAR,23,QB,13,12,303,489,62,3322,17,3.5,16,3.3,188,52,6.8,6,11,255.5,80,46,397,5.47,4.76,8.6,0,1
Patrick Mahomes,KAN,24,QB,14,14,319,484,65.9,4031,26,5.4,5,1,176,83,8.3,8.9,12.6,287.9,105.3,17,127,7.79,8.38,3.4,1,1
Jimmy Garoppolo,SFO,28,QB,16,16,329,476,69.1,3978,27,5.7,13,2.7,193,75,8.4,8.3,12.1,248.6,102,36,237,7.31,7.22,7,4,4
Gardner Minshew II,JAX,23,QB,14,12,285,470,60.6,3271,21,4.5,6,1.3,150,70,7,7.3,11.5,233.6,91.2,33,184,6.14,6.44,6.6,3,3
Josh Allen,BUF,23,QB,16,16,271,461,58.8,3089,20,4.3,9,2,146,53,6.7,6.7,11.4,193.1,85.3,38,237,5.72,5.71,7.6,4,5
Daniel Jones,NYG,22,QB,13,12,284,459,61.9,3027,24,5.2,12,2.6,140,75,6.6,6.5,10.7,232.8,87.7,38,295,5.5,5.38,7.6,1,2
Jacoby Brissett,IND,27,QB,15,15,272,447,60.9,2942,18,4,6,1.3,143,50,6.6,6.8,10.8,196.1,88,27,159,5.87,6.06,5.7,2,2
Kirk Cousins,MIN,31,QB,15,15,307,444,69.1,3603,26,5.9,6,1.4,165,66,8.1,8.7,11.7,240.2,107.4,28,206,7.2,7.73,5.9,1,1
Sam Darnold,NYJ,22,QB,13,13,273,441,61.9,3024,19,4.3,13,2.9,147,92,6.9,6.4,11.1,232.6,84.3,33,212,5.93,5.5,7,2,3
Lamar Jackson,BAL,22,QB,15,15,265,401,66.1,3127,36,9,6,1.5,161,83,7.8,8.9,11.8,208.5,113.3,23,106,7.13,8.19,5.4,1,2
Drew Brees,NOR,40,QB,11,11,281,378,74.3,2979,27,7.1,4,1.1,159,61,7.9,8.8,10.6,270.8,116.3,12,89,7.41,8.33,3.1,1,2
Matthew Stafford,DET,31,QB,8,8,187,291,64.3,2499,19,6.5,5,1.7,117,66,8.6,9.1,13.4,312.4,106,18,137,7.64,8.15,5.8,2,1
Ryan Tannehill,TEN,31,QB,12,10,201,286,70.3,2742,22,7.7,6,2.1,126,91,9.6,10.2,13.6,228.5,117.5,31,212,7.98,8.52,9.8,2,3
Mason Rudolph,PIT,24,QB,10,8,176,283,62.2,1765,13,4.6,9,3.2,80,76,6.2,5.7,10,176.5,82,15,124,5.51,5.02,5,1,1
Joe Flacco,DEN,34,QB,8,8,171,262,65.3,1822,6,2.3,5,1.9,86,70,7,6.6,10.7,227.8,85.1,26,194,5.65,5.29,9,0,0
Case Keenum,WAS,31,QB,10,8,160,247,64.8,1707,11,4.5,5,2,83,69,6.9,6.9,10.7,170.7,91.3,15,145,5.96,5.94,5.7,0,0
Dwayne Haskins,WAS,22,QB,9,7,119,203,58.6,1365,7,3.4,7,3.4,65,75,6.7,5.9,11.5,151.7,76.1,29,204,5,4.25,12.5,1,1
Teddy Bridgewater,NOR,27,QB,9,5,133,196,67.9,1384,9,4.6,2,1,67,45,7.1,7.5,10.4,153.8,99.1,12,89,6.23,6.66,5.8,1,2
David Blough,DET,24,QB,5,5,94,174,54,984,4,2.3,6,3.4,47,75,5.7,4.6,10.5,196.8,64,14,104,4.68,3.67,7.4,0,0
Devlin Hodges,PIT,23,QB,8,6,100,160,62.5,1063,5,3.1,8,5,51,79,6.6,5,10.6,132.9,71.4,15,102,5.49,4.01,8.6,0,1
Marcus Mariota,TEN,26,QB,7,6,95,160,59.4,1203,7,4.4,2,1.3,50,75,7.5,7.8,12.7,171.9,92.3,25,162,5.63,5.9,13.5,0,0
Drew Lock,DEN,23,QB,5,5,100,156,64.1,1020,7,4.5,3,1.9,54,48,6.5,6.6,10.2,204,89.7,5,26,6.17,6.2,3.1,1,2
Eli Manning,NYG,38,QB,4,4,91,147,61.9,1042,6,4.1,5,3.4,47,55,7.1,6.4,11.5,260.5,82.6,5,44,6.57,5.88,3.3,0,0
Nick Foles,JAX,30,QB,4,4,77,117,65.8,736,3,2.6,2,1.7,31,39,6.3,6,9.6,184,84.6,8,60,5.41,5.17,6.4,0,0
Josh Rosen,MIA,22,QB,6,3,58,109,53.2,567,1,0.9,5,4.6,26,40,5.2,3.3,9.8,94.5,52,16,93,3.79,2.15,12.8,0,0
Jeff Driskel,DET,26,QB,3,3,62,105,59,685,4,3.8,4,3.8,31,47,6.5,5.6,11,228.3,75.3,11,46,5.51,4.65,9.5,0,0
Matt Moore,KAN,35,QB,6,2,59,91,64.8,659,4,4.4,0,0,35,57,7.2,8.1,11.2,109.8,100.9,8,65,6,6.81,8.1,1,1
Cam Newton,CAR,30,QB,2,2,50,89,56.2,572,0,0,1,1.1,29,44,6.4,5.9,11.4,286,71,6,43,5.57,5.09,6.3,0,0
Ryan Finley,CIN,25,QB,3,3,41,87,47.1,474,2,2.3,2,2.3,20,47,5.4,4.9,11.6,158,62.1,11,93,3.89,3.38,11.2,0,0
Brandon Allen,DEN,27,QB,3,3,39,84,46.4,515,3,3.6,2,2.4,20,75,6.1,5.8,13.2,171.7,68.3,9,59,4.9,4.58,9.7,0,0
Luke Falk,NYJ,25,QB,3,2,47,73,64.4,416,0,0,3,4.1,15,36,5.7,3.8,8.9,138.7,62.4,16,96,3.6,2.08,18,0,0
Matt Schaub,ATL,38,QB,6,1,50,67,74.6,580,3,4.5,1,1.5,30,35,8.7,8.9,11.6,96.7,109,2,19,8.13,8.35,2.9,0,0
Brian Hoyer,IND,34,QB,4,1,35,65,53.8,372,4,6.2,4,6.2,22,23,5.7,4.2,10.6,93,65.7,5,47,4.64,3.21,7.1,0,0
Chase Daniel,CHI,33,QB,3,1,45,64,70.3,435,3,4.7,2,3.1,22,37,6.8,6.3,9.7,145,91.6,7,48,5.45,5.03,9.9,0,0
Ben Roethlisberger,PIT,37,QB,2,2,35,62,56.5,351,0,0,1,1.6,14,45,5.7,4.9,10,175.5,66,2,7,5.38,4.67,3.1,0,0
Will Grier,CAR,24,QB,2,2,28,52,53.8,228,0,0,4,7.7,12,28,4.4,0.9,8.1,114,33.2,6,44,3.17,0.07,10.3,0,0
Matt Barkley,BUF,29,QB,2,0,27,51,52.9,359,0,0,3,5.9,15,41,7,4.4,13.3,179.5,51,2,10,6.58,4.04,3.8,0,0
Robert Griffin III,BAL,29,QB,7,1,23,38,60.5,225,1,2.6,2,5.3,10,39,5.9,4.1,9.8,32.1,64,5,19,4.79,3.16,11.6,0,0
A.J. McCarron,HOU,29,QB,2,1,21,37,56.8,225,0,0,1,2.7,11,21,6.1,4.9,10.7,112.5,63.5,5,43,4.33,3.26,11.9,0,0
Colt McCoy,WAS,33,QB,1,1,18,27,66.7,122,0,0,1,3.7,5,22,4.5,2.9,6.8,122,61,6,44,2.36,1,18.2,0,0
Sean Mannion,MIN,27,QB,3,1,12,21,57.1,126,0,0,2,9.5,6,35,6,1.7,10.5,42,35.1,0,0,6,1.71,0,0,0
Brett Hundley,ARI,26,QB,3,0,5,11,45.5,49,0,0,0,0,2,28,4.5,4.5,9.8,16.3,58.5,2,11,2.92,2.92,15.4,0,0
Mike Glennon,OAK,30,QB,2,0,6,10,60,56,1,10,0,0,3,19,5.6,7.6,9.3,28,108.7,0,0,5.6,7.6,0,0,0
